step,action,eef_pos,good,target_pos
499,[ 0.16714843  0.3         0.         -1.        ],[0.03364733 0.1196929 ],False,[-0.06318411  0.00516386]
