step,action,eef_pos,good,target_pos
497,[-0.3      -0.027503  0.       -1.      ],[0.11222585 0.04444458],False,[0.12266933 0.04007735]
498,[-0.3      -0.027503  0.       -1.      ],[0.10975853 0.04421568],False,[0.12266933 0.04007735]
499,[-0.3      -0.027503  0.       -1.      ],[0.10707197 0.04397685],False,[0.12266933 0.04007735]
