step,action,eef_pos,good,target_pos
496,[-0.3         0.10970218  0.         -1.        ],[0.0451924  0.03962793],False,[0.05400574 0.0419799 ]
497,[-0.3         0.10970218  0.         -1.        ],[0.04259144 0.04073898],False,[0.05400574 0.0419799 ]
498,[-0.3         0.10970218  0.         -1.        ],[0.03974456 0.04197623],False,[0.05400574 0.0419799 ]
499,[-0.3         0.10970218  0.         -1.        ],[0.0367151  0.04326981],False,[0.05400574 0.0419799 ]
