step,action,eef_pos,good,target_pos
494,[-0.24935013 -0.3         0.         -1.        ],[ 0.11367656 -0.20975313],False,[ 0.118382   -0.20747789]
495,[-0.24935013 -0.3         0.         -1.        ],[ 0.11145316 -0.21274498],False,[ 0.118382   -0.20747789]
496,[-0.24935013 -0.3         0.         -1.        ],[ 0.10900294 -0.21608613],False,[ 0.118382   -0.20747789]
497,[-0.24935013 -0.3         0.         -1.        ],[ 0.10638721 -0.21962961],False,[ 0.118382   -0.20747789]
498,[-0.24935013 -0.3         0.         -1.        ],[ 0.10364254 -0.22332885],False,[ 0.118382   -0.20747789]
499,[-0.24935013 -0.3         0.         -1.        ],[ 0.10078501 -0.22713869],False,[ 0.118382   -0.20747789]
