step,action,eef_pos,good,target_pos
0,[ 0.0928671  0.3        0.        -1.       ],[-0.02010491  0.25498676],False,[ 0.118382   -0.20747789]
1,[ 0.0928671  0.3        0.        -1.       ],[-0.01946754  0.26136336],False,[ 0.118382   -0.20747789]
