step,action,eef_pos,good,target_pos
0,[-0.08066891 -0.3         0.         -1.        ],[-0.15827958 -0.25645059],False,[-0.07206249  0.04061767]
