step,action,eef_pos,good,target_pos
0,[-0.3         0.19197316  0.         -1.        ],[-0.15973859  0.11983258],False,[0.11493764 0.02039409]
