step,action,eef_pos,good,target_pos
499,[-0.0173252  0.3        0.        -1.       ],[-0.14658339 -0.0265214 ],False,[-0.12576488 -0.07393934]
