step,action,eef_pos,good,target_pos
0,[ 0.04053075  0.3         0.         -1.        ],[-0.07459045  0.25215532],False,[-0.11335378  0.06483571]
1,[ 0.04053075  0.3         0.         -1.        ],[-0.07440863  0.25869184],False,[-0.11335378  0.06483571]
