step,action,eef_pos,good,target_pos
0,[ 0.3         0.08099821  0.         -1.        ],[0.14201722 0.2320186 ],False,[-0.09466482  0.12203681]
1,[ 0.3         0.08099821  0.         -1.        ],[0.14686656 0.23737713],False,[-0.09466482  0.12203681]
2,[ 0.3         0.08099821  0.         -1.        ],[0.15186993 0.24139722],False,[-0.09466482  0.12203681]
3,[ 0.3         0.08099821  0.         -1.        ],[0.15668511 0.24452869],False,[-0.09466482  0.12203681]
4,[ 0.1315628  0.3        0.        -1.       ],[0.16040818 0.24819   ],False,[-0.09466482  0.12203681]
5,[ 0.1315628  0.3        0.        -1.       ],[0.16328756 0.25233111],False,[-0.09466482  0.12203681]
6,[ 0.1315628  0.3        0.        -1.       ],[0.16582991 0.25635605],False,[-0.09466482  0.12203681]
