step,action,eef_pos,good,target_pos
0,[ 0.14118922 -0.3         0.         -1.        ],[ 0.16442145 -0.21163553],False,[-0.12071321  0.12091997]
1,[ 0.14118922 -0.3         0.         -1.        ],[ 0.16922747 -0.21423048],False,[-0.12071321  0.12091997]
2,[ 0.14118922 -0.3         0.         -1.        ],[ 0.17314714 -0.21724675],False,[-0.12071321  0.12091997]
3,[ 0.14118922 -0.3         0.         -1.        ],[ 0.17641905 -0.22041874],False,[-0.12071321  0.12091997]
4,[ 0.14118922 -0.3         0.         -1.        ],[ 0.17915978 -0.2237222 ],False,[-0.12071321  0.12091997]
