step,action,eef_pos,good,target_pos
492,[ 0.07671601 -0.3         0.         -1.        ],[0.04142085 0.25818965],True,[ 0.1080749 -0.0038826]
493,[ 0.07671601 -0.3         0.         -1.        ],[0.04220582 0.25640686],True,[ 0.1080749 -0.0038826]
494,[ 0.07671601 -0.3         0.         -1.        ],[0.04319293 0.25400843],True,[ 0.1080749 -0.0038826]
495,[ 0.07671601 -0.3         0.         -1.        ],[0.04430581 0.25120839],True,[ 0.1080749 -0.0038826]
496,[ 0.07671601 -0.3         0.         -1.        ],[0.04548523 0.24808061],True,[ 0.1080749 -0.0038826]
497,[ 0.07671601 -0.3         0.         -1.        ],[0.04669071 0.24469506],True,[ 0.1080749 -0.0038826]
498,[ 0.07671601 -0.3         0.         -1.        ],[0.04790701 0.24112287],True,[ 0.1080749 -0.0038826]
499,[ 0.07671601 -0.3         0.         -1.        ],[0.0491133  0.23741623],True,[ 0.1080749 -0.0038826]
