step,action,eef_pos,good,target_pos
0,[ 0.12338436 -0.3         0.         -1.        ],[ 0.17029368 -0.12456596],False,[0.06881931 0.11245837]
1,[ 0.12338436 -0.3         0.         -1.        ],[ 0.1755313 -0.128151 ],False,[0.06881931 0.11245837]
2,[ 0.12338436 -0.3         0.         -1.        ],[ 0.18027803 -0.13194332],False,[0.06881931 0.11245837]
3,[ 0.12338436 -0.3         0.         -1.        ],[ 0.18462294 -0.13593901],False,[0.06881931 0.11245837]
