step,action,eef_pos,good,target_pos
0,[-0.20388369  0.3         0.         -1.        ],[0.00468505 0.23088582],False,[-0.02260527 -0.06403894]
1,[-0.20388369  0.3         0.         -1.        ],[0.00251642 0.23736685],False,[-0.02260527 -0.06403894]
2,[-0.20388369  0.3         0.         -1.        ],[2.34886982e-04 2.43236425e-01],False,[-0.02260527 -0.06403894]
3,[-0.20388369  0.3         0.         -1.        ],[-0.00205602  0.24860648],False,[-0.02260527 -0.06403894]
4,[-0.20388369  0.3         0.         -1.        ],[-0.00436223  0.25353904],False,[-0.02260527 -0.06403894]
5,[-0.20388369  0.3         0.         -1.        ],[-0.0066922   0.25811774],False,[-0.02260527 -0.06403894]
