step,action,eef_pos,good,target_pos
498,[-0.15772326  0.3         0.         -1.        ],[ 0.04657115 -0.08355773],True,[-0.07439008  0.14642784]
499,[-0.15772326  0.3         0.         -1.        ],[ 0.04591285 -0.08174548],True,[-0.07439008  0.14642784]
