step,action,eef_pos,good,target_pos
0,[ 0.3        -0.11624662  0.         -1.        ],[ 0.09270074 -0.28578516],False,[-0.10313954  0.08980802]
