step,action,eef_pos,good,target_pos
493,[ 3.00000000e-01  8.38858283e-04  0.00000000e+00 -1.00000000e+00],[-0.15665878 -0.12615146],True,[-0.08882813 -0.12613355]
494,[ 3.00000000e-01  8.38858283e-04  0.00000000e+00 -1.00000000e+00],[-0.15471477 -0.12552171],True,[-0.08882813 -0.12613355]
495,[ 3.00000000e-01  8.38858283e-04  0.00000000e+00 -1.00000000e+00],[-0.15217551 -0.12482423],True,[-0.08882813 -0.12613355]
496,[ 3.00000000e-01  8.38858283e-04  0.00000000e+00 -1.00000000e+00],[-0.1493032  -0.12423149],True,[-0.08882813 -0.12613355]
497,[ 3.00000000e-01  8.38858283e-04  0.00000000e+00 -1.00000000e+00],[-0.14618276 -0.12376384],True,[-0.08882813 -0.12613355]
498,[ 3.00000000e-01  8.38858283e-04  0.00000000e+00 -1.00000000e+00],[-0.14288221 -0.12341062],True,[-0.08882813 -0.12613355]
499,[ 3.00000000e-01  8.38858283e-04  0.00000000e+00 -1.00000000e+00],[-0.13943889 -0.1231558 ],True,[-0.08882813 -0.12613355]
