step,action,eef_pos,good,target_pos
79,[ 0.25037107 -0.3         0.         -1.        ],[-0.05528357 -0.2547957 ],False,[-0.08882813 -0.12613355]
80,[ 0.25037107 -0.3         0.         -1.        ],[-0.05240297 -0.25853167],False,[-0.08882813 -0.12613355]
