step,action,eef_pos,good,target_pos
0,[ 0.04269862  0.3         0.         -1.        ],[-0.12619511  0.26097992],False,[ 0.14294429 -0.22127638]
